{"meta":{"version":1,"warehouse":"2.2.0"},"models":{"Asset":[{"_id":"themes/next/source/images/apple-touch-icon-next_demo.png","path":"images/apple-touch-icon-next_demo.png","modified":1,"renderable":1},{"_id":"themes/next/source/images/apple-touch-icon-next.png","path":"images/apple-touch-icon-next.png","modified":1,"renderable":1},{"_id":"themes/next/source/images/avatar_girl_yak_sunset.png","path":"images/avatar_girl_yak_sunset.png","modified":1,"renderable":1},{"_id":"themes/next/source/css/main.styl","path":"css/main.styl","modified":1,"renderable":1},{"_id":"themes/next/source/images/avatar.gif","path":"images/avatar.gif","modified":1,"renderable":1},{"_id":"themes/next/source/images/algolia_logo.svg","path":"images/algolia_logo.svg","modified":1,"renderable":1},{"_id":"themes/next/source/images/cc-by-nc-sa.svg","path":"images/cc-by-nc-sa.svg","modified":1,"renderable":1},{"_id":"themes/next/source/images/cc-by-nc-nd.svg","path":"images/cc-by-nc-nd.svg","modified":1,"renderable":1},{"_id":"themes/next/source/images/cc-by-nc.svg","path":"images/cc-by-nc.svg","modified":1,"renderable":1},{"_id":"themes/next/source/images/cc-by-nd.svg","path":"images/cc-by-nd.svg","modified":1,"renderable":1},{"_id":"themes/next/source/images/favicon-16x16-next_demo.png","path":"images/favicon-16x16-next_demo.png","modified":1,"renderable":1},{"_id":"themes/next/source/images/favicon-16x16-next.png","path":"images/favicon-16x16-next.png","modified":1,"renderable":1},{"_id":"themes/next/source/images/cc-by.svg","path":"images/cc-by.svg","modified":1,"renderable":1},{"_id":"themes/next/source/images/cc-by-sa.svg","path":"images/cc-by-sa.svg","modified":1,"renderable":1},{"_id":"themes/next/source/images/logo.svg","path":"images/logo.svg","modified":1,"renderable":1},{"_id":"themes/next/source/images/cc-zero.svg","path":"images/cc-zero.svg","modified":1,"renderable":1},{"_id":"themes/next/source/images/quote-l.svg","path":"images/quote-l.svg","modified":1,"renderable":1},{"_id":"themes/next/source/images/placeholder.gif","path":"images/placeholder.gif","modified":1,"renderable":1},{"_id":"themes/next/source/images/quote-r.svg","path":"images/quote-r.svg","modified":1,"renderable":1},{"_id":"themes/next/source/images/searchicon.png","path":"images/searchicon.png","modified":1,"renderable":1},{"_id":"themes/next/source/images/favicon-32x32-next_demo.png","path":"images/favicon-32x32-next_demo.png","modified":1,"renderable":1},{"_id":"themes/next/source/images/favicon-32x32-next.png","path":"images/favicon-32x32-next.png","modified":1,"renderable":1},{"_id":"themes/next/source/images/loading.gif","path":"images/loading.gif","modified":1,"renderable":1},{"_id":"themes/next/source/js/src/affix.js","path":"js/src/affix.js","modified":1,"renderable":1},{"_id":"themes/next/source/js/src/algolia-search.js","path":"js/src/algolia-search.js","modified":1,"renderable":1},{"_id":"themes/next/source/js/src/bootstrap.js","path":"js/src/bootstrap.js","modified":1,"renderable":1},{"_id":"themes/next/source/js/src/exturl.js","path":"js/src/exturl.js","modified":1,"renderable":1},{"_id":"themes/next/source/js/src/motion.js","path":"js/src/motion.js","modified":1,"renderable":1},{"_id":"themes/next/source/js/src/post-details.js","path":"js/src/post-details.js","modified":1,"renderable":1},{"_id":"themes/next/source/js/src/scroll-cookie.js","path":"js/src/scroll-cookie.js","modified":1,"renderable":1},{"_id":"themes/next/source/js/src/scrollspy.js","path":"js/src/scrollspy.js","modified":1,"renderable":1},{"_id":"themes/next/source/lib/font-awesome/bower.json","path":"lib/font-awesome/bower.json","modified":1,"renderable":1},{"_id":"themes/next/source/js/src/js.cookie.js","path":"js/src/js.cookie.js","modified":1,"renderable":1},{"_id":"themes/next/source/lib/font-awesome/HELP-US-OUT.txt","path":"lib/font-awesome/HELP-US-OUT.txt","modified":1,"renderable":1},{"_id":"themes/next/source/lib/velocity/velocity.ui.js","path":"lib/velocity/velocity.ui.js","modified":1,"renderable":1},{"_id":"themes/next/source/lib/velocity/velocity.min.js","path":"lib/velocity/velocity.min.js","modified":1,"renderable":1},{"_id":"themes/next/source/lib/jquery/index.js","path":"lib/jquery/index.js","modified":1,"renderable":1},{"_id":"themes/next/source/js/src/utils.js","path":"js/src/utils.js","modified":1,"renderable":1},{"_id":"themes/next/source/lib/velocity/velocity.ui.min.js","path":"lib/velocity/velocity.ui.min.js","modified":1,"renderable":1},{"_id":"themes/next/source/js/src/schemes/pisces.js","path":"js/src/schemes/pisces.js","modified":1,"renderable":1},{"_id":"themes/next/source/lib/font-awesome/css/font-awesome.css","path":"lib/font-awesome/css/font-awesome.css","modified":1,"renderable":1},{"_id":"themes/next/source/lib/font-awesome/css/font-awesome.css.map","path":"lib/font-awesome/css/font-awesome.css.map","modified":1,"renderable":1},{"_id":"themes/next/source/lib/font-awesome/css/font-awesome.min.css","path":"lib/font-awesome/css/font-awesome.min.css","modified":1,"renderable":1},{"_id":"themes/next/source/lib/ua-parser-js/dist/ua-parser.pack.js","path":"lib/ua-parser-js/dist/ua-parser.pack.js","modified":1,"renderable":1},{"_id":"themes/next/source/lib/ua-parser-js/dist/ua-parser.min.js","path":"lib/ua-parser-js/dist/ua-parser.min.js","modified":1,"renderable":1},{"_id":"themes/next/source/images/avatar_399x399.png","path":"images/avatar_399x399.png","modified":1,"renderable":1},{"_id":"themes/next/source/lib/font-awesome/fonts/fontawesome-webfont.woff2","path":"lib/font-awesome/fonts/fontawesome-webfont.woff2","modified":1,"renderable":1},{"_id":"themes/next/source/lib/velocity/velocity.js","path":"lib/velocity/velocity.js","modified":1,"renderable":1},{"_id":"themes/next/source/lib/font-awesome/fonts/fontawesome-webfont.woff","path":"lib/font-awesome/fonts/fontawesome-webfont.woff","modified":1,"renderable":1},{"_id":"themes/next/source/lib/font-awesome/fonts/fontawesome-webfont.eot","path":"lib/font-awesome/fonts/fontawesome-webfont.eot","modified":1,"renderable":1},{"_id":"themes/next/source/images/background.png","path":"images/background.png","modified":1,"renderable":1}],"Cache":[{"_id":"themes/next/.bowerrc","hash":"3228a58ed0ece9f85e1e3136352094080b8dece1","modified":1526470537000},{"_id":"themes/next/.gitignore","hash":"a18c2e83bb20991b899b58e6aeadcb87dd8aa16e","modified":1526470537000},{"_id":"themes/next/.eslintrc.json","hash":"cc5f297f0322672fe3f684f823bc4659e4a54c41","modified":1526470537000},{"_id":"themes/next/.editorconfig","hash":"792fd2bd8174ece1a75d5fd24ab16594886f3a7f","modified":1526470537000},{"_id":"themes/next/.stickler.yml","hash":"b7939095038cbdc4883fc10950e163a60a643b43","modified":1526470537000},{"_id":"themes/next/.stylintrc","hash":"b28e24704a5d8de08346c45286574c8e76cc109f","modified":1526470537000},{"_id":"themes/next/README.md","hash":"807c28ad6473b221101251d244aa08e2a61b0d60","modified":1526470537000},{"_id":"themes/next/.travis.yml","hash":"3d1dc928c4a97933e64379cfde749dedf62f252c","modified":1526470537000},{"_id":"themes/next/_config.yml","hash":"5bcca9f9828108c66ef0c7a338d77c10402b0e4f","modified":1550724421421},{"_id":"themes/next/bower.json","hash":"a8c832da6aad5245052aed7ff26c246f85d68c6c","modified":1526470537000},{"_id":"themes/next/crowdin.yml","hash":"e026078448c77dcdd9ef50256bb6635a8f83dca6","modified":1526470537000},{"_id":"themes/next/LICENSE.md","hash":"fc7227c508af3351120181cbf2f9b99dc41f063e","modified":1526470537000},{"_id":"themes/next/package.json","hash":"11a0b27f92da8abf1efbea6e7a0af4271d7bff9e","modified":1526470537000},{"_id":"themes/next/gulpfile.coffee","hash":"48d2f9fa88a4210308fc41cc7d3f6d53989f71b7","modified":1526470537000},{"_id":"source/categories/index.md","hash":"8877153d2f97dc2a8179707f674e41ba1ddd227b","modified":1535282494429},{"_id":"source/tags/index.md","hash":"62bdc77acc1e345018dc5c1fac567ae3d50d2ea2","modified":1535282494463},{"_id":"themes/next/.github/CODE_OF_CONDUCT.md","hash":"b63696d41f022525e40d7e7870c3785b6bc7536b","modified":1526470537000},{"_id":"source/_posts/2019-02-21-hello-world.md","hash":"f8298075e2e736ed0e43f32101635b590f73f882","modified":1550725373694},{"_id":"themes/next/.gitattributes","hash":"44bd4729c74ccb88110804f41746fec07bf487d4","modified":1526470537000},{"_id":"themes/next/.github/ISSUE_TEMPLATE.md","hash":"00c25366764e6b9ccb40b877c60dc13b2916bbf7","modified":1526470537000},{"_id":"themes/next/.github/browserstack_logo.png","hash":"a6c43887f64a7f48a2814e3714eaa1215e542037","modified":1526470537000},{"_id":"themes/next/.github/PULL_REQUEST_TEMPLATE.md","hash":"7abbb4c8a29b2c14e576a00f53dbc0b4f5669c13","modified":1526470537000},{"_id":"themes/next/.github/CONTRIBUTING.md","hash":"f846118d7fc68c053df47b24e1f661241645373f","modified":1526470537000},{"_id":"themes/next/docs/ALGOLIA-SEARCH.md","hash":"141e989844d0b5ae2e09fb162a280715afb39b0d","modified":1526470537000},{"_id":"themes/next/docs/AUTHORS.md","hash":"7b24be2891167bdedb9284a682c2344ec63e50b5","modified":1526470537000},{"_id":"themes/next/docs/AGPL3.md","hash":"0d2b8c5fa8a614723be0767cc3bca39c49578036","modified":1526470537000},{"_id":"themes/next/docs/DATA-FILES.md","hash":"8e1962dd3e1b700169b3ae5bba43992f100651ce","modified":1526470537000},{"_id":"themes/next/docs/INSTALLATION.md","hash":"2bbdd6c1751b2b42ce9b9335da420c6026a483e9","modified":1526470537000},{"_id":"themes/next/docs/LEANCLOUD-COUNTER-SECURITY.md","hash":"120750c03ec30ccaa470b113bbe39f3d423c67f0","modified":1526470537000},{"_id":"themes/next/docs/LICENSE","hash":"fe607fe22fc9308f6434b892a7f2d2c5514b8f0d","modified":1526470537000},{"_id":"themes/next/.github/stale.yml","hash":"fd0856f6745db8bd0228079ccb92a662830cc4fb","modified":1526470537000},{"_id":"themes/next/docs/MATH.md","hash":"0ae4258950de01a457ea8123a8d13ec6db496e53","modified":1526470537000},{"_id":"themes/next/languages/default.yml","hash":"ea5e6aee4cb14510793ac4593a3bddffe23e530c","modified":1526470537000},{"_id":"themes/next/docs/UPDATE-FROM-5.1.X.md","hash":"ad57c168d12ba01cf144a1ea0627b2ffd1847d3e","modified":1526470537000},{"_id":"themes/next/languages/id.yml","hash":"e7fb582e117a0785036dcdbb853a6551263d6aa6","modified":1526470537000},{"_id":"themes/next/languages/de.yml","hash":"fb478c5040a4e58a4c1ad5fb52a91e5983d65a3a","modified":1526470537000},{"_id":"themes/next/languages/en.yml","hash":"c540c3a0d7db2d4239293c8783881962640b6c34","modified":1526470537000},{"_id":"themes/next/languages/ko.yml","hash":"fae155018ae0efdf68669b2c7dd3f959c2e45cc9","modified":1526470537000},{"_id":"themes/next/languages/it.yml","hash":"62ef41d0a9a3816939cb4d93a524e6930ab9c517","modified":1526470537000},{"_id":"themes/next/languages/fr.yml","hash":"0162a85ae4175e66882a9ead1249fedb89200467","modified":1526470537000},{"_id":"themes/next/languages/ja.yml","hash":"5f8e54c666393d1ca2e257f6b1e3b4116f6657d8","modified":1526470537000},{"_id":"themes/next/languages/pt-BR.yml","hash":"bfc80c8a363fa2e8dde38ea2bc85cd19e15ab653","modified":1526470537000},{"_id":"themes/next/languages/nl.yml","hash":"bb9ce8adfa5ee94bc6b5fac6ad24ba4605d180d3","modified":1526470537000},{"_id":"themes/next/languages/pt.yml","hash":"3cb51937d13ff12fcce747f972ccb664840a9ef3","modified":1526470537000},{"_id":"themes/next/languages/ru.yml","hash":"db0644e738d2306ac38567aa183ca3e859a3980f","modified":1526470537000},{"_id":"themes/next/languages/tr.yml","hash":"c5f0c20743b1dd52ccb256050b1397d023e6bcd9","modified":1526470537000},{"_id":"themes/next/languages/vi.yml","hash":"8da921dd8335dd676efce31bf75fdd4af7ce6448","modified":1526470537000},{"_id":"themes/next/languages/zh-CN.yml","hash":"fbbf3a0b664ae8e927c700b0a813692b94345156","modified":1526470537000},{"_id":"themes/next/languages/zh-HK.yml","hash":"7903b96912c605e630fb695534012501b2fad805","modified":1526470537000},{"_id":"themes/next/languages/zh-TW.yml","hash":"6e6d2cd8f4244cb1b349b94904cb4770935acefd","modified":1526470537000},{"_id":"themes/next/layout/_layout.swig","hash":"09e8a6bfe5aa901c66d314601c872e57f05509e8","modified":1526470537000},{"_id":"themes/next/layout/index.swig","hash":"53300ca42c00cba050bc98b0a3f2d888d71829b1","modified":1526470537000},{"_id":"themes/next/layout/category.swig","hash":"5d955284a42f802a48560b4452c80906a5d1da02","modified":1526470537000},{"_id":"themes/next/layout/archive.swig","hash":"2b6450c6b6d2bcbcd123ad9f59922a5e323d77a5","modified":1526470537000},{"_id":"themes/next/layout/page.swig","hash":"79040bae5ec14291441b33eea341a24a7c0e9f93","modified":1526470537000},{"_id":"themes/next/scripts/helpers.js","hash":"392cda207757d4c055b53492a98f81386379fc4f","modified":1526470537000},{"_id":"themes/next/scripts/merge-configs.js","hash":"33afe97284d34542015d358a720823feeebef120","modified":1526470537000},{"_id":"themes/next/scripts/merge.js","hash":"9130dabe6a674c54b535f322b17d75fe6081472f","modified":1526470537000},{"_id":"themes/next/layout/post.swig","hash":"e7458f896ac33086d9427979f0f963475b43338e","modified":1526470537000},{"_id":"themes/next/layout/schedule.swig","hash":"3e9cba5313bf3b98a38ccb6ef78b56ffa11d66ee","modified":1526470537000},{"_id":"themes/next/test/.jshintrc","hash":"19f93d13d1689fe033c82eb2d5f3ce30b6543cc0","modified":1526470537000},{"_id":"themes/next/layout/tag.swig","hash":"ba402ce8fd55e80b240e019e8d8c48949b194373","modified":1526470537000},{"_id":"themes/next/test/helpers.js","hash":"a1f5de25154c3724ffc24a91ddc576cdbd60864f","modified":1526470537000},{"_id":"themes/next/source/fonts/.gitkeep","hash":"da39a3ee5e6b4b0d3255bfef95601890afd80709","modified":1526470537000},{"_id":"themes/next/docs/ru/DATA-FILES.md","hash":"d6d20f60f77a76c77f8e65d0c9adbd79d0274557","modified":1526470537000},{"_id":"themes/next/docs/ru/INSTALLATION.md","hash":"6c5d69e94961c793da156217ecf1179e868d7ba1","modified":1526470537000},{"_id":"themes/next/docs/ru/UPDATE-FROM-5.1.X.md","hash":"b1dd18d9b890b21718883ea1832e7e02a773104a","modified":1526470537000},{"_id":"themes/next/docs/ru/README.md","hash":"712d9a9a557c54dd6638adfb0e1d2bb345b60756","modified":1526470537000},{"_id":"source/_posts/2019-02-21-hello-world/01.png","hash":"15604052b543d55e07415225ee39aef0d0e1ab96","modified":1550724099524},{"_id":"themes/next/test/intern.js","hash":"11fa8a4f5c3b4119a179ae0a2584c8187f907a73","modified":1526470537000},{"_id":"themes/next/docs/zh-CN/CONTRIBUTING.md","hash":"44e4fb7ce2eca20dfa98cdd1700b50d6def4086f","modified":1526470537000},{"_id":"themes/next/docs/zh-CN/CODE_OF_CONDUCT.md","hash":"a45a791b49954331390d548ac34169d573ea5922","modified":1526470537000},{"_id":"themes/next/docs/zh-CN/ALGOLIA-SEARCH.md","hash":"6855402e2ef59aae307e8bd2a990647d3a605eb8","modified":1526470537000},{"_id":"themes/next/docs/zh-CN/INSTALLATION.md","hash":"b19a6e0ae96eb7c756fb5b1ba03934c7f9cbb3c3","modified":1526470537000},{"_id":"themes/next/docs/zh-CN/DATA-FILES.md","hash":"f3eec572a7d83542e2710a7404082014aaa1a5e7","modified":1526470537000},{"_id":"themes/next/docs/zh-CN/README.md","hash":"84d349fda6b9973c81a9ad4677db9d9ee1828506","modified":1526470537000},{"_id":"themes/next/layout/_custom/header.swig","hash":"adc83b19e793491b1c6ea0fd8b46cd9f32e592fc","modified":1526470537000},{"_id":"themes/next/docs/zh-CN/UPDATE-FROM-5.1.X.md","hash":"c1ba919f70efe87a39e6217883e1625af0b2c23c","modified":1526470537000},{"_id":"themes/next/docs/zh-CN/MATH.md","hash":"e03607b608db4aa7d46f6726827c51ac16623339","modified":1526470537000},{"_id":"themes/next/layout/_custom/sidebar.swig","hash":"adc83b19e793491b1c6ea0fd8b46cd9f32e592fc","modified":1526470537000},{"_id":"themes/next/docs/zh-CN/LEANCLOUD-COUNTER-SECURITY.md","hash":"24cf2618d164440b047bb9396263de83bee5b993","modified":1526470537000},{"_id":"themes/next/layout/_macro/post-related.swig","hash":"08fe30ce8909b920540231e36c97e28cfbce62b6","modified":1526470537000},{"_id":"themes/next/layout/_macro/post-copyright.swig","hash":"05e67c50a4f3a20fad879ed61b890de8ca6ba4ea","modified":1526470537000},{"_id":"themes/next/layout/_macro/post-collapse.swig","hash":"31322a7f57936cf2dc62e824af5490da5354cf02","modified":1526470537000},{"_id":"themes/next/layout/_custom/head.swig","hash":"9e1b9666efa77f4cf8d8261bcfa445a9ac608e53","modified":1526470537000},{"_id":"themes/next/layout/_macro/reward.swig","hash":"bd5778d509c51f4b1d8da3a2bc35462929f08c75","modified":1526470537000},{"_id":"themes/next/layout/_partials/breadcrumb.swig","hash":"6994d891e064f10607bce23f6e2997db7994010e","modified":1526470537000},{"_id":"themes/next/layout/_macro/post.swig","hash":"21fa113cdd911b703e6dba5f0f134646087bd387","modified":1536897505600},{"_id":"themes/next/layout/_macro/sidebar.swig","hash":"1f3121ef66a4698fd78f34bf2594ef79a407c92c","modified":1526470537000},{"_id":"themes/next/layout/_macro/wechat-subscriber.swig","hash":"a9e1346b83cf99e06bed59a53fc069279751e52a","modified":1526470537000},{"_id":"themes/next/layout/_partials/comments.swig","hash":"5df32b286a8265ba82a4ef5e1439ff34751545ad","modified":1526470537000},{"_id":"themes/next/layout/_macro/post.swig.backup","hash":"686e60ede86547bdd7bc34c3629e4c9dbd134a21","modified":1526470537000},{"_id":"themes/next/layout/_partials/pagination.swig","hash":"dbe321bcf3cf45917cc11a3e3f50d8572bac2c70","modified":1526470537000},{"_id":"themes/next/layout/_partials/footer.swig","hash":"1ae77b6a369f83c9986408f2ab448090e37cd2dc","modified":1526470537000},{"_id":"themes/next/layout/_scripts/commons.swig","hash":"6fc63d5da49cb6157b8792f39c7305b55a0d1593","modified":1526470537000},{"_id":"themes/next/layout/_partials/page-header.swig","hash":"1aaf32bed57b976c4c1913fd801be34d4838cc72","modified":1526470537000},{"_id":"themes/next/layout/_scripts/boostrap.swig","hash":"0a0129e926c27fffc6e7ef87fe370016bc7a4564","modified":1526470537000},{"_id":"themes/next/layout/_scripts/noscript.swig","hash":"ac3ad2c0eccdf16edaa48816d111aaf51200a54b","modified":1526470537000},{"_id":"themes/next/layout/_third-party/exturl.swig","hash":"f532ce257fca6108e84b8f35329c53f272c2ce84","modified":1526470537000},{"_id":"themes/next/layout/_scripts/vendors.swig","hash":"e0bdc723d1dc858b41fd66e44e2786e6519f259f","modified":1526470537000},{"_id":"themes/next/layout/_third-party/bookmark.swig","hash":"60001c8e08b21bf3a7afaf029839e1455340e95d","modified":1526470537000},{"_id":"themes/next/layout/_third-party/github-banner.swig","hash":"cabd9640dc3027a0b3ac06f5ebce777e50754065","modified":1526470537000},{"_id":"themes/next/layout/_third-party/needsharebutton.swig","hash":"927f19160ae14e7030df306fc7114ba777476282","modified":1526470537000},{"_id":"themes/next/layout/_third-party/pangu.swig","hash":"6b75c5fd76ae7cf0a7b04024510bd5221607eab3","modified":1526470537000},{"_id":"themes/next/layout/_third-party/copy-code.swig","hash":"a8ab2035654dd06d94faf11a35750529e922d719","modified":1526470537000},{"_id":"themes/next/scripts/tags/button.js","hash":"5a61c2da25970a4981fbd65f4a57c5e85db4dcda","modified":1526470537000},{"_id":"themes/next/scripts/tags/exturl.js","hash":"2b3a4dc15dea33972c0b6d46a1483dabbf06fb5b","modified":1526470537000},{"_id":"themes/next/scripts/tags/center-quote.js","hash":"db70a841e7c1708f95ca97b44413b526b267fa9b","modified":1526470537000},{"_id":"themes/next/scripts/tags/full-image.js","hash":"a98fc19a90924f2368e1982f8c449cbc09df8439","modified":1526470537000},{"_id":"themes/next/scripts/tags/group-pictures.js","hash":"1b97b1b5364945b8ab3e50813bef84273055234f","modified":1526470537000},{"_id":"themes/next/scripts/tags/include-raw.js","hash":"b7600f6b868d8f4f7032126242d9738cd1e6ad71","modified":1526470537000},{"_id":"themes/next/scripts/tags/label.js","hash":"621004f2836040b12c4e8fef77e62cf22c561297","modified":1526470537000},{"_id":"themes/next/scripts/tags/lazy-image.js","hash":"460e5e1f305847dcd4bcab9da2038a85f0a1c273","modified":1526470537000},{"_id":"themes/next/scripts/tags/note.js","hash":"4975d4433e11161b2e9a5744b7287c2d667b3c76","modified":1526470537000},{"_id":"themes/next/scripts/tags/tabs.js","hash":"5786545d51c38e8ca38d1bfc7dd9e946fc70a316","modified":1526470537000},{"_id":"themes/next/layout/_third-party/rating.swig","hash":"fc93b1a7e6aed0dddb1f3910142b48d8ab61174e","modified":1526470537000},{"_id":"themes/next/layout/_third-party/scroll-cookie.swig","hash":"b0ca46e0d1ff4c08cb0a3a8c1994f20d0260cef9","modified":1526470537000},{"_id":"themes/next/layout/_third-party/schedule.swig","hash":"22369026c87fc23893c35a7f250b42f3bb1b60f1","modified":1526470537000},{"_id":"themes/next/source/images/apple-touch-icon-next_demo.png","hash":"2959dbc97f31c80283e67104fe0854e2369e40aa","modified":1523731104000},{"_id":"themes/next/source/images/apple-touch-icon-next.png","hash":"4aa7f9cf17290f10b1cd5aabb6e3d62a4a4200ab","modified":1524880167114},{"_id":"themes/next/source/images/avatar_girl_yak_sunset.png","hash":"9b7d1382586806a0cc45f4a7b685a416e6867b1c","modified":1511433016000},{"_id":"themes/next/source/css/main.styl","hash":"c26ca6e7b5bd910b9046d6722c8e00be672890e0","modified":1526470537000},{"_id":"themes/next/source/images/avatar.gif","hash":"264082bb3a1af70d5499c7d22b0902cb454b6d12","modified":1526470537000},{"_id":"themes/next/source/images/algolia_logo.svg","hash":"ec119560b382b2624e00144ae01c137186e91621","modified":1526470537000},{"_id":"themes/next/source/images/cc-by-nc-sa.svg","hash":"3031be41e8753c70508aa88e84ed8f4f653f157e","modified":1526470537000},{"_id":"themes/next/source/images/cc-by-nc-nd.svg","hash":"c6524ece3f8039a5f612feaf865d21ec8a794564","modified":1526470537000},{"_id":"themes/next/source/images/cc-by-nc.svg","hash":"8d39b39d88f8501c0d27f8df9aae47136ebc59b7","modified":1526470537000},{"_id":"themes/next/source/images/cc-by-nd.svg","hash":"c563508ce9ced1e66948024ba1153400ac0e0621","modified":1526470537000},{"_id":"themes/next/source/images/favicon-16x16-next_demo.png","hash":"943a0d67a9cdf8c198109b28f9dbd42f761d11c3","modified":1523731104000},{"_id":"themes/next/source/images/favicon-16x16-next.png","hash":"392dd3cca75fc209531b1c3b83a18a4f2c1ed37d","modified":1524879863338},{"_id":"themes/next/source/images/cc-by.svg","hash":"28a0a4fe355a974a5e42f68031652b76798d4f7e","modified":1526470537000},{"_id":"themes/next/source/images/cc-by-sa.svg","hash":"aa4742d733c8af8d38d4c183b8adbdcab045872e","modified":1526470537000},{"_id":"themes/next/source/images/logo.svg","hash":"d29cacbae1bdc4bbccb542107ee0524fe55ad6de","modified":1526470537000},{"_id":"themes/next/source/images/cc-zero.svg","hash":"87669bf8ac268a91d027a0a4802c92a1473e9030","modified":1526470537000},{"_id":"themes/next/source/images/quote-l.svg","hash":"94e870b4c8c48da61d09522196d4dd40e277a98f","modified":1526470537000},{"_id":"themes/next/source/images/placeholder.gif","hash":"5fbd472222feb8a22cf5b8aa5dc5b8e13af88e2b","modified":1526470537000},{"_id":"themes/next/source/images/quote-r.svg","hash":"e60ae504f9d99b712c793c3740c6b100d057d4ec","modified":1526470537000},{"_id":"themes/next/source/images/searchicon.png","hash":"67727a6a969be0b2659b908518fa6706eed307b8","modified":1526470537000},{"_id":"themes/next/source/images/favicon-32x32-next_demo.png","hash":"0749d7b24b0d2fae1c8eb7f671ad4646ee1894b1","modified":1523731104000},{"_id":"themes/next/source/images/favicon-32x32-next.png","hash":"2d5e2173eb8a0ee16ca1166c872ba114f6215e37","modified":1524879863338},{"_id":"themes/next/layout/_scripts/schemes/mist.swig","hash":"da39a3ee5e6b4b0d3255bfef95601890afd80709","modified":1526470537000},{"_id":"themes/next/layout/_scripts/schemes/muse.swig","hash":"da39a3ee5e6b4b0d3255bfef95601890afd80709","modified":1526470537000},{"_id":"themes/next/source/images/loading.gif","hash":"5fbd472222feb8a22cf5b8aa5dc5b8e13af88e2b","modified":1526470537000},{"_id":"themes/next/source/css/_mixins/Mist.styl","hash":"da39a3ee5e6b4b0d3255bfef95601890afd80709","modified":1526470537000},{"_id":"themes/next/source/css/_mixins/Muse.styl","hash":"da39a3ee5e6b4b0d3255bfef95601890afd80709","modified":1526470537000},{"_id":"themes/next/source/css/_mixins/custom.styl","hash":"da39a3ee5e6b4b0d3255bfef95601890afd80709","modified":1526470537000},{"_id":"themes/next/source/css/_variables/Muse.styl","hash":"da39a3ee5e6b4b0d3255bfef95601890afd80709","modified":1526470537000},{"_id":"themes/next/source/css/_variables/custom.styl","hash":"da39a3ee5e6b4b0d3255bfef95601890afd80709","modified":1526470537000},{"_id":"themes/next/layout/_macro/menu/menu-badge.swig","hash":"65c5e585982dae7ae1542cada71858b4ea1f73d6","modified":1526470537000},{"_id":"themes/next/layout/_macro/menu/menu-item.swig","hash":"d1b73c926109145e52605929b75914cc8b60fb89","modified":1526470537000},{"_id":"themes/next/layout/_partials/head/head-unique.swig","hash":"a7e376b087ae77f2e2a61ba6af81cde5af693174","modified":1526470537000},{"_id":"themes/next/layout/_partials/head/external-fonts.swig","hash":"7ce76358411184482bb0934e70037949dd0da8ca","modified":1526470537000},{"_id":"themes/next/layout/_partials/head/head.swig","hash":"00bf33b3c557b8f7e9faf49b226ea6ff7df5cda0","modified":1526470537000},{"_id":"themes/next/layout/_partials/header/index.swig","hash":"2082f5077551123e695e8afec471c9c44b436acb","modified":1526470537000},{"_id":"themes/next/layout/_partials/header/sub-menu.swig","hash":"88b4b6051592d26bff59788acb76346ce4e398c2","modified":1526470537000},{"_id":"themes/next/layout/_partials/header/brand.swig","hash":"fd780171713aada5eb4f4ffed8e714617c8ae6be","modified":1526470537000},{"_id":"themes/next/layout/_partials/search/localsearch.swig","hash":"957701729b85fb0c5bfcf2fb99c19d54582f91ed","modified":1526470537000},{"_id":"themes/next/layout/_partials/search/index.swig","hash":"a33b29ccbdc2248aedff23b04e0627f435824406","modified":1526470537000},{"_id":"themes/next/layout/_partials/header/menu.swig","hash":"3db735d0cd2d449edf2674310ac1e7c0043cb357","modified":1526470537000},{"_id":"themes/next/layout/_partials/share/add-this.swig","hash":"23e23dc0f76ef3c631f24c65277adf7ea517b383","modified":1526470537000},{"_id":"themes/next/layout/_partials/search/swiftype.swig","hash":"959b7e04a96a5596056e4009b73b6489c117597e","modified":1526470537000},{"_id":"themes/next/layout/_partials/search/tinysou.swig","hash":"eefe2388ff3d424694045eda21346989b123977c","modified":1526470537000},{"_id":"themes/next/layout/_partials/share/duoshuo_share.swig","hash":"89c5a5240ecb223acfe1d12377df5562a943fd5d","modified":1526470537000},{"_id":"themes/next/layout/_partials/share/jiathis.swig","hash":"048fd5e98149469f8c28c21ba3561a7a67952c9b","modified":1526470537000},{"_id":"themes/next/layout/_scripts/schemes/gemini.swig","hash":"ea03fe9c98ddcfcc0ecfdbe5a2b622f9cde3b3a1","modified":1526470537000},{"_id":"themes/next/layout/_scripts/schemes/pisces.swig","hash":"ea03fe9c98ddcfcc0ecfdbe5a2b622f9cde3b3a1","modified":1526470537000},{"_id":"themes/next/layout/_scripts/pages/post-details.swig","hash":"cc865af4a3cb6d25a0be171b7fc919ade306bb50","modified":1526470537000},{"_id":"themes/next/layout/_third-party/comments/disqus.swig","hash":"8878241797f8494a70968756c57cacdfc77b61c7","modified":1526470537000},{"_id":"themes/next/layout/_partials/share/baidushare.swig","hash":"1f1107468aaf03f7d0dcd7eb2b653e2813a675b4","modified":1526470537000},{"_id":"themes/next/layout/_third-party/comments/gitment.swig","hash":"fe8177e4698df764e470354b6acde8292a3515e0","modified":1526470537000},{"_id":"themes/next/layout/_third-party/comments/changyan.swig","hash":"0e3378f7c39b2b0f69638290873ede6b6b6825c0","modified":1526470537000},{"_id":"themes/next/layout/_third-party/comments/hypercomments.swig","hash":"17a54796f6e03fc834880a58efca45c286e40e40","modified":1526470537000},{"_id":"themes/next/layout/_third-party/comments/livere.swig","hash":"6f340d122a9816ccdf4b45b662880a4b2d087671","modified":1526470537000},{"_id":"themes/next/layout/_third-party/comments/youyan.swig","hash":"42f62695029834d45934705c619035733762309e","modified":1526470537000},{"_id":"themes/next/layout/_third-party/comments/valine.swig","hash":"c0eb6123464d745ac5324ce6deac8ded601f432f","modified":1526470537000},{"_id":"themes/next/layout/_third-party/analytics/analytics-with-widget.swig","hash":"98df9d72e37dd071e882f2d5623c9d817815b139","modified":1526470537000},{"_id":"themes/next/layout/_third-party/analytics/application-insights.swig","hash":"60426bf73f8a89ba61fb1be2df3ad5398e32c4ef","modified":1526470537000},{"_id":"themes/next/layout/_third-party/comments/index.swig","hash":"40e3cacbd5fa5f2948d0179eff6dd88053e8648e","modified":1526470537000},{"_id":"themes/next/layout/_third-party/analytics/busuanzi-counter.swig","hash":"67f0cb55e6702c492e99a9f697827629da036a0c","modified":1526470537000},{"_id":"themes/next/layout/_third-party/analytics/cnzz-analytics.swig","hash":"8160b27bee0aa372c7dc7c8476c05bae57f58d0f","modified":1526470537000},{"_id":"themes/next/layout/_third-party/analytics/google-analytics.swig","hash":"beb53371c035b62e1a2c7bb76c63afbb595fe6e5","modified":1526470537000},{"_id":"themes/next/layout/_third-party/analytics/index.swig","hash":"5e9bb24c750b49513d9a65799e832f07410002ac","modified":1526470537000},{"_id":"themes/next/layout/_third-party/analytics/facebook-sdk.swig","hash":"a234c5cd1f75ca5731e814d0dbb92fdcf9240d1b","modified":1526470537000},{"_id":"themes/next/layout/_third-party/analytics/firestore.swig","hash":"94b26dfbcd1cf2eb87dd9752d58213338926af27","modified":1526470537000},{"_id":"themes/next/layout/_third-party/analytics/baidu-analytics.swig","hash":"deda6a814ed48debc694c4e0c466f06c127163d0","modified":1526470537000},{"_id":"themes/next/layout/_third-party/analytics/tencent-analytics.swig","hash":"3658414379e0e8a34c45c40feadc3edc8dc55f88","modified":1526470537000},{"_id":"themes/next/layout/_third-party/analytics/tencent-mta.swig","hash":"0ddc94ed4ba0c19627765fdf1abc4d8efbe53d5a","modified":1526470537000},{"_id":"themes/next/layout/_third-party/math/index.swig","hash":"a6fc00ec7f5642aabd66aa1cf51c6acc5b10e012","modified":1526470537000},{"_id":"themes/next/layout/_third-party/math/katex.swig","hash":"97dbc2035bcb5aa7eafb80a4202dc827cce34983","modified":1526470537000},{"_id":"themes/next/layout/_third-party/math/mathjax.swig","hash":"9b9ff4cc6d5474ab03f09835a2be80e0dba9fe89","modified":1526470537000},{"_id":"themes/next/layout/_third-party/analytics/vkontakte-api.swig","hash":"c3971fd154d781088e1cc665035f8561a4098f4c","modified":1526470537000},{"_id":"themes/next/layout/_third-party/search/tinysou.swig","hash":"cb3a5d36dbe1630bab84e03a52733a46df7c219b","modified":1526470537000},{"_id":"themes/next/layout/_third-party/analytics/lean-analytics.swig","hash":"cee047575ae324398025423696b760db64d04e6f","modified":1526470537000},{"_id":"themes/next/layout/_third-party/seo/baidu-push.swig","hash":"c057b17f79e8261680fbae8dc4e81317a127c799","modified":1526470537000},{"_id":"themes/next/source/css/_mixins/Gemini.styl","hash":"2aa5b7166a85a8aa34b17792ae4f58a5a96df6cc","modified":1526470537000},{"_id":"themes/next/layout/_third-party/search/index.swig","hash":"c747fb5c6b1f500e8f0c583e44195878b66e4e29","modified":1526470537000},{"_id":"themes/next/source/css/_mixins/Pisces.styl","hash":"2640a54fa63bdd4c547eab7ce2fc1192cf0ccec8","modified":1526470537000},{"_id":"themes/next/source/css/_custom/custom.styl","hash":"8e9b433fdeac5101edcbe244407decb1bd28b500","modified":1527751067540},{"_id":"themes/next/source/css/_mixins/base.styl","hash":"81ca13d6d0beff8b1a4b542a51e3b0fb68f08efd","modified":1526470537000},{"_id":"themes/next/layout/_third-party/search/localsearch.swig","hash":"b15e10abe85b4270860a56c970b559baa258b2a8","modified":1526470537000},{"_id":"themes/next/source/css/_variables/Mist.styl","hash":"be087dcc060e8179f7e7f60ab4feb65817bd3d9f","modified":1526470537000},{"_id":"themes/next/source/css/_variables/Gemini.styl","hash":"7a2706304465b9e673d5561b715e7c72a238437c","modified":1526470537000},{"_id":"themes/next/source/js/src/affix.js","hash":"978e0422b5bf1b560236d8d10ebc1adcf66392e3","modified":1526470537000},{"_id":"themes/next/source/js/src/algolia-search.js","hash":"b172f697ed339a24b1e80261075232978d164c35","modified":1526470537000},{"_id":"themes/next/source/js/src/bootstrap.js","hash":"40de94fd18fcbd67a327d63b0d1e242a08aa5404","modified":1526470537000},{"_id":"themes/next/source/js/src/exturl.js","hash":"e42e2aaab7bf4c19a0c8e779140e079c6aa5c0b1","modified":1526470537000},{"_id":"themes/next/source/js/src/motion.js","hash":"50e57f8acb6924c6999cdcc664ddd3f0730d2061","modified":1526470537000},{"_id":"themes/next/source/js/src/post-details.js","hash":"d1333fb588d4521b4d1e9c69aef06e0ad1bf0b12","modified":1526470537000},{"_id":"themes/next/source/css/_variables/Pisces.styl","hash":"32392d213f5d05bc26b2dc452f2fc6fea9d44f6d","modified":1526470537000},{"_id":"themes/next/source/lib/font-awesome/.bower.json","hash":"a2aaaf12378db56bd10596ba3daae30950eac051","modified":1526470537000},{"_id":"themes/next/source/js/src/scroll-cookie.js","hash":"09dc828cbf5f31158ff6250d2bf7c3cde6365c67","modified":1526470537000},{"_id":"themes/next/source/js/src/scrollspy.js","hash":"fe4da1b9fe73518226446f5f27d2831e4426fc35","modified":1526470537000},{"_id":"themes/next/source/css/_variables/base.styl","hash":"cfb03ec629f13883509eac66e561e9dba562333f","modified":1526470537000},{"_id":"themes/next/source/lib/font-awesome/bower.json","hash":"279a8a718ab6c930a67c41237f0aac166c1b9440","modified":1526470537000},{"_id":"themes/next/source/js/src/js.cookie.js","hash":"9b37973a90fd50e71ea91682265715e45ae82c75","modified":1526470537000},{"_id":"themes/next/source/lib/font-awesome/HELP-US-OUT.txt","hash":"4f7bf961f1bed448f6ba99aeb9219fabf930ba96","modified":1526470537000},{"_id":"themes/next/source/lib/velocity/velocity.ui.js","hash":"6a1d101eab3de87527bb54fcc8c7b36b79d8f0df","modified":1526470537000},{"_id":"themes/next/source/lib/velocity/velocity.min.js","hash":"2f1afadc12e4cf59ef3b405308d21baa97e739c6","modified":1526470537000},{"_id":"themes/next/source/lib/font-awesome/.gitignore","hash":"69d152fa46b517141ec3b1114dd6134724494d83","modified":1526470537000},{"_id":"themes/next/source/lib/jquery/index.js","hash":"41b4bfbaa96be6d1440db6e78004ade1c134e276","modified":1526470537000},{"_id":"themes/next/source/lib/font-awesome/.npmignore","hash":"dcf470ab3a358103bb896a539cc03caeda10fa8b","modified":1526470537000},{"_id":"themes/next/source/js/src/utils.js","hash":"4284c67ea1435de2acd523f6d48c0d073fd1ad03","modified":1526470537000},{"_id":"themes/next/source/lib/velocity/velocity.ui.min.js","hash":"ed5e534cd680a25d8d14429af824f38a2c7d9908","modified":1526470537000},{"_id":"themes/next/layout/_third-party/search/algolia-search/assets.swig","hash":"6958a97fde63e03983ec2394a4f8e408860fb42b","modified":1526470537000},{"_id":"themes/next/source/css/_common/components/back-to-top-sidebar.styl","hash":"4719ce717962663c5c33ef97b1119a0b3a4ecdc3","modified":1526470537000},{"_id":"themes/next/layout/_third-party/search/algolia-search/dom.swig","hash":"ba698f49dd3a868c95b240d802f5b1b24ff287e4","modified":1526470537000},{"_id":"themes/next/source/css/_common/components/comments.styl","hash":"471f1627891aca5c0e1973e09fbcb01e1510d193","modified":1526470537000},{"_id":"themes/next/source/css/_common/components/buttons.styl","hash":"7e509c7c28c59f905b847304dd3d14d94b6f3b8e","modified":1526470537000},{"_id":"themes/next/source/css/_common/components/back-to-top.styl","hash":"31050fc7a25784805b4843550151c93bfa55c9c8","modified":1526470537000},{"_id":"themes/next/source/css/_common/components/components.styl","hash":"a6bb5256be6195e76addbda12f4ed7c662d65e7a","modified":1526470537000},{"_id":"themes/next/source/css/_common/components/tag-cloud.styl","hash":"dd8a3b22fc2f222ac6e6c05bd8a773fb039169c0","modified":1526470537000},{"_id":"themes/next/source/css/_common/components/pagination.styl","hash":"c5d48863f332ff8ce7c88dec2c893f709d7331d3","modified":1526470537000},{"_id":"themes/next/source/css/_common/scaffolding/helpers.styl","hash":"9c25c75311e1bd4d68df031d3f2ae6d141a90766","modified":1526470537000},{"_id":"themes/next/source/css/_common/scaffolding/normalize.styl","hash":"ece571f38180febaf02ace8187ead8318a300ea7","modified":1526470537000},{"_id":"themes/next/source/css/_common/scaffolding/base.styl","hash":"18309b68ff33163a6f76a39437e618bb6ed411f8","modified":1526470537000},{"_id":"themes/next/source/css/_common/scaffolding/mobile.styl","hash":"47a46583a1f3731157a3f53f80ed1ed5e2753e8e","modified":1526470537000},{"_id":"themes/next/source/css/_common/scaffolding/scaffolding.styl","hash":"a280a583b7615e939aaddbf778f5c108ef8a2a6c","modified":1526470537000},{"_id":"themes/next/source/css/_common/outline/outline.styl","hash":"2186be20e317505cd31886f1291429cc21f76703","modified":1526470537000},{"_id":"themes/next/source/css/_schemes/Mist/_header.styl","hash":"5ae7906dc7c1d9468c7f4b4a6feddddc555797a1","modified":1526470537000},{"_id":"themes/next/source/css/_schemes/Mist/_base.styl","hash":"0bef9f0dc134215bc4d0984ba3a16a1a0b6f87ec","modified":1526470537000},{"_id":"themes/next/source/css/_schemes/Mist/_posts-expanded.styl","hash":"2212511ae14258d93bec57993c0385e5ffbb382b","modified":1526470537000},{"_id":"themes/next/source/css/_common/scaffolding/tables.styl","hash":"0810e7c43d6c8adc8434a8fa66eabe0436ab8178","modified":1526470537000},{"_id":"themes/next/source/css/_schemes/Mist/_menu.styl","hash":"f43c821ea272f80703862260b140932fe4aa0e1f","modified":1526470537000},{"_id":"themes/next/source/css/_schemes/Mist/_search.styl","hash":"1452cbe674cc1d008e1e9640eb4283841058fc64","modified":1526470537000},{"_id":"themes/next/source/css/_schemes/Mist/_logo.styl","hash":"38e5df90c8689a71c978fd83ba74af3d4e4e5386","modified":1526470537000},{"_id":"themes/next/source/css/_schemes/Mist/index.styl","hash":"5e12572b18846250e016a872a738026478ceef37","modified":1526470537000},{"_id":"themes/next/source/css/_schemes/Pisces/_brand.styl","hash":"c4ed249798296f60bda02351fe6404fb3ef2126f","modified":1526470537000},{"_id":"themes/next/source/css/_schemes/Gemini/index.styl","hash":"f362fbc791dafb378807cabbc58abf03e097af6d","modified":1526470537000},{"_id":"themes/next/source/css/_schemes/Pisces/_menu.styl","hash":"05a5abf02e84ba8f639b6f9533418359f0ae4ecb","modified":1526470537000},{"_id":"themes/next/source/css/_schemes/Pisces/_layout.styl","hash":"ba1842dbeb97e46c6c4d2ae0e7a2ca6d610ada67","modified":1526470537000},{"_id":"themes/next/source/css/_schemes/Pisces/_sidebar.styl","hash":"41f9cdafa00e256561c50ae0b97ab7fcd7c1d6a2","modified":1526470537000},{"_id":"themes/next/source/css/_schemes/Pisces/_posts.styl","hash":"2f878213cb24c5ddc18877f6d15ec5c5f57745ac","modified":1526470537000},{"_id":"themes/next/source/css/_schemes/Pisces/_sub-menu.styl","hash":"ffa870c3fa37a48b01dc6f967e66f5df508d02bf","modified":1526470537000},{"_id":"themes/next/source/css/_schemes/Pisces/index.styl","hash":"5779cc8086b1cfde9bc4f1afdd85223bdc45f0a0","modified":1526470537000},{"_id":"themes/next/source/css/_schemes/Muse/_menu.styl","hash":"35f093fe4c1861661ac1542d6e8ea5a9bbfeb659","modified":1526470537000},{"_id":"themes/next/source/css/_schemes/Muse/_logo.styl","hash":"8829bc556ca38bfec4add4f15a2f028092ac6d46","modified":1526470537000},{"_id":"themes/next/source/css/_schemes/Muse/_layout.styl","hash":"0efa036a15c18f5abb058b7c0fad1dd9ac5eed4c","modified":1526470537000},{"_id":"themes/next/source/css/_schemes/Muse/_search.styl","hash":"1452cbe674cc1d008e1e9640eb4283841058fc64","modified":1526470537000},{"_id":"themes/next/source/js/src/schemes/pisces.js","hash":"8050a5b2683d1d77238c5762b6bd89c543daed6e","modified":1526470537000},{"_id":"themes/next/source/lib/font-awesome/css/font-awesome.css","hash":"0140952c64e3f2b74ef64e050f2fe86eab6624c8","modified":1526470537000},{"_id":"themes/next/source/lib/font-awesome/css/font-awesome.css.map","hash":"0189d278706509412bac4745f96c83984e1d59f4","modified":1526470537000},{"_id":"themes/next/source/lib/font-awesome/css/font-awesome.min.css","hash":"512c7d79033e3028a9be61b540cf1a6870c896f8","modified":1526470537000},{"_id":"themes/next/source/lib/ua-parser-js/dist/ua-parser.pack.js","hash":"214dad442a92d36af77ed0ca1d9092b16687f02f","modified":1526470537000},{"_id":"themes/next/source/css/_schemes/Muse/index.styl","hash":"d5e8ea6336bc2e237d501ed0d5bbcbbfe296c832","modified":1526470537000},{"_id":"themes/next/source/lib/ua-parser-js/dist/ua-parser.min.js","hash":"38628e75e4412cc6f11074e03e1c6d257aae495b","modified":1526470537000},{"_id":"themes/next/source/images/avatar_399x399.png","hash":"11bc1a0f87e7b56c735a70988d8e07b3b0c1aece","modified":1524880167114},{"_id":"themes/next/source/lib/font-awesome/fonts/fontawesome-webfont.woff2","hash":"d6f48cba7d076fb6f2fd6ba993a75b9dc1ecbf0c","modified":1526470537000},{"_id":"themes/next/source/lib/velocity/velocity.js","hash":"9f08181baea0cc0e906703b7e5df9111b9ef3373","modified":1526470537000},{"_id":"themes/next/source/css/_common/components/footer/footer.styl","hash":"39dee82d481dd9d44e33658960ec63e47cd0a715","modified":1526470537000},{"_id":"themes/next/source/css/_common/components/header/headerband.styl","hash":"d27448f199fc2f9980b601bc22b87f08b5d64dd1","modified":1526470537000},{"_id":"themes/next/source/css/_common/components/header/header.styl","hash":"7cc3f36222494c9a1325c5347d7eb9ae53755a32","modified":1526470537000},{"_id":"themes/next/source/css/_common/components/header/menu.styl","hash":"8a2421cb9005352905fae9d41a847ae56957247e","modified":1526470537000},{"_id":"themes/next/source/css/_common/components/header/site-nav.styl","hash":"49c2b2c14a1e7fcc810c6be4b632975d0204c281","modified":1526470537000},{"_id":"themes/next/source/css/_common/components/header/github-banner.styl","hash":"ee37e6c465b9b2a7e39175fccfcbed14f2db039b","modified":1526470537000},{"_id":"themes/next/source/css/_common/components/header/site-meta.styl","hash":"6c00f6e0978f4d8f9a846a15579963728aaa6a17","modified":1526470537000},{"_id":"themes/next/source/css/_common/components/highlight/diff.styl","hash":"96f32ea6c3265a3889e6abe57587f6e2a2a40dfb","modified":1526470537000},{"_id":"themes/next/source/css/_common/components/pages/breadcrumb.styl","hash":"7dd9a0378ccff3e4a2003f486b1a34e74c20dac6","modified":1526470537000},{"_id":"themes/next/source/css/_common/components/highlight/theme.styl","hash":"b76387934fb6bb75212b23c1a194486892cc495e","modified":1526470537000},{"_id":"themes/next/source/css/_common/components/highlight/highlight.styl","hash":"17b95828f9db7f131ec0361a8c0e89b0b5c9bff5","modified":1526470537000},{"_id":"themes/next/source/css/_common/components/pages/archive.styl","hash":"f5aa2ba3bfffc15475e7e72a55b5c9d18609fdf5","modified":1526470537000},{"_id":"themes/next/source/css/_common/components/pages/categories.styl","hash":"4eff5b252d7b614e500fc7d52c97ce325e57d3ab","modified":1526470537000},{"_id":"themes/next/source/css/_common/components/post/post-button.styl","hash":"e72a89e0f421444453e149ba32c77a64bd8e44e8","modified":1526470537000},{"_id":"themes/next/source/css/_common/components/post/post-collapse.styl","hash":"0f7f522cc6bfb3401d5afd62b0fcdf48bb2d604b","modified":1526470537000},{"_id":"themes/next/source/css/_common/components/post/post-eof.styl","hash":"40b5e5391548a9c7211ab489c75ce5d7e70346c1","modified":1527687039454},{"_id":"themes/next/source/css/_common/components/post/post-copyright.styl","hash":"f54367c0feda6986c030cc4d15a0ca6ceea14bcb","modified":1526470537000},{"_id":"themes/next/source/css/_common/components/post/post-gallery.styl","hash":"387ce23bba52b22a586b2dfb4ec618fe1ffd3926","modified":1526470537000},{"_id":"themes/next/source/css/_common/components/pages/schedule.styl","hash":"a82afbb72d83ee394aedc7b37ac0008a9823b4f4","modified":1526470537000},{"_id":"themes/next/source/css/_common/components/post/post-meta.styl","hash":"417f05ff12a2aaca6ceeac8b7e7eb26e9440c4c3","modified":1526470537000},{"_id":"themes/next/source/css/_common/components/post/post-nav.styl","hash":"a5d8617a24d7cb6c5ad91ea621183ca2c0917331","modified":1526470537000},{"_id":"themes/next/source/css/_common/components/pages/pages.styl","hash":"fb451dc4cc0355b57849c27d3eb110c73562f794","modified":1526470537000},{"_id":"themes/next/source/css/_common/components/post/post-expand.styl","hash":"ca89b167d368eac50a4f808fa53ba67e69cbef94","modified":1526470537000},{"_id":"themes/next/source/css/_common/components/post/post-tags.styl","hash":"a352ae5b1f8857393bf770d2e638bf15f0c9585d","modified":1526470537000},{"_id":"themes/next/source/css/_common/components/post/post-reading_progress.styl","hash":"f4e9f870baa56eae423a123062f00e24cc780be1","modified":1526470537000},{"_id":"themes/next/source/css/_common/components/post/post-title.styl","hash":"c0ac49fadd33ca4a9a0a04d5ff2ac6560d0ecd9e","modified":1526470537000},{"_id":"themes/next/source/css/_common/components/post/post-type.styl","hash":"10251257aceecb117233c9554dcf8ecfef8e2104","modified":1526470537000},{"_id":"themes/next/source/css/_common/components/post/post-rtl.styl","hash":"017074ef58166e2d69c53bb7590a0e7a8947a1ed","modified":1526470537000},{"_id":"themes/next/source/css/_common/components/sidebar/sidebar-author-links.styl","hash":"35c0350096921dd8e2222ec41b6c17a4ea6b44f2","modified":1526470537000},{"_id":"themes/next/source/css/_common/components/sidebar/sidebar-author.styl","hash":"bbe0d111f6451fc04e52719fd538bd0753ec17f9","modified":1526470537000},{"_id":"themes/next/source/css/_common/components/sidebar/sidebar-blogroll.styl","hash":"89dd4f8b1f1cce3ad46cf2256038472712387d02","modified":1526470537000},{"_id":"themes/next/source/css/_common/components/post/post-reward.styl","hash":"36332c8a91f089f545f3c3e8ea90d08aa4d6e60c","modified":1526470537000},{"_id":"themes/next/source/css/_common/components/sidebar/sidebar-feed-link.styl","hash":"9486ddd2cb255227db102d09a7df4cae0fabad72","modified":1526470537000},{"_id":"themes/next/source/css/_common/components/sidebar/sidebar-nav.styl","hash":"45fa7193435a8eae9960267438750b4c9fa9587f","modified":1526470537000},{"_id":"themes/next/source/css/_common/components/sidebar/sidebar-toc.styl","hash":"4427ed3250483ed5b7baad74fa93474bd1eda729","modified":1526470537000},{"_id":"themes/next/source/css/_common/components/sidebar/sidebar-toggle.styl","hash":"f7784aba0c1cd20d824c918c120012d57a5eaa2a","modified":1526470537000},{"_id":"themes/next/source/css/_common/components/pages/post-detail.styl","hash":"9bf4362a4d0ae151ada84b219d39fbe5bb8c790e","modified":1526470537000},{"_id":"themes/next/source/css/_common/components/sidebar/site-state.styl","hash":"3623e7fa4324ec1307370f33d8f287a9e20a5578","modified":1526470537000},{"_id":"themes/next/source/css/_common/components/post/post.styl","hash":"8bf095377d28881f63a30bd7db97526829103bf2","modified":1526470537000},{"_id":"themes/next/source/css/_common/components/sidebar/sidebar.styl","hash":"43bc58daa8d35d5d515dc787ceb21dd77633fe49","modified":1526470537000},{"_id":"themes/next/source/css/_common/components/tags/blockquote-center.styl","hash":"c2abe4d87148e23e15d49ee225bc650de60baf46","modified":1526470537000},{"_id":"themes/next/source/css/_common/components/tags/group-pictures.styl","hash":"4851b981020c5cbc354a1af9b831a2dcb3cf9d39","modified":1526470537000},{"_id":"themes/next/source/css/_common/components/tags/label.styl","hash":"4a457d265d62f287c63d48764ce45d9bcfc9ec5a","modified":1526470537000},{"_id":"themes/next/source/css/_common/components/sidebar/sidebar-dimmer.styl","hash":"efa5e5022e205b52786ce495d4879f5e7b8f84b2","modified":1526470537000},{"_id":"themes/next/source/css/_common/components/tags/full-image.styl","hash":"5d15cc8bbefe44c77a9b9f96bf04a6033a4b35b8","modified":1526470537000},{"_id":"themes/next/source/css/_common/components/tags/exturl.styl","hash":"1b3cc9f4e5a7f6e05b4100e9990b37b20d4a2005","modified":1526470537000},{"_id":"themes/next/source/css/_common/components/tags/note-modern.styl","hash":"ee7528900578ef4753effe05b346381c40de5499","modified":1526470537000},{"_id":"themes/next/source/css/_common/components/tags/tags.styl","hash":"ead0d0f2321dc71505788c7f689f92257cf14947","modified":1526470537000},{"_id":"themes/next/source/css/_common/components/third-party/algolia-search.styl","hash":"10e9bb3392826a5a8f4cabfc14c6d81645f33fe6","modified":1526470537000},{"_id":"themes/next/source/css/_common/components/tags/tabs.styl","hash":"4ab5deed8c3b0c338212380f678f8382672e1bcb","modified":1526470537000},{"_id":"themes/next/source/css/_common/components/tags/note.styl","hash":"32c9156bea5bac9e9ad0b4c08ffbca8b3d9aac4b","modified":1526470537000},{"_id":"themes/next/source/css/_common/components/third-party/han.styl","hash":"cce6772e2cdb4db85d35486ae4c6c59367fbdd40","modified":1526470537000},{"_id":"themes/next/source/css/_common/components/third-party/jiathis.styl","hash":"327b5f63d55ec26f7663185c1a778440588d9803","modified":1526470537000},{"_id":"themes/next/source/css/_common/components/third-party/busuanzi-counter.styl","hash":"d4e6d8d7b34dc69994593c208f875ae8f7e8a3ae","modified":1526470537000},{"_id":"themes/next/source/css/_common/components/third-party/baidushare.styl","hash":"93b08815c4d17e2b96fef8530ec1f1064dede6ef","modified":1526470537000},{"_id":"themes/next/source/css/_common/components/third-party/gitment.styl","hash":"34935b40237c074be5f5e8818c14ccfd802b7439","modified":1526470537000},{"_id":"themes/next/source/css/_common/components/third-party/needsharebutton.styl","hash":"a5e3e6b4b4b814a9fe40b34d784fed67d6d977fa","modified":1526470537000},{"_id":"themes/next/source/css/_common/components/third-party/third-party.styl","hash":"1c06be422bc41fd35e5c7948cdea2c09961207f6","modified":1526470537000},{"_id":"themes/next/source/css/_common/components/third-party/localsearch.styl","hash":"d89c4b562b528e4746696b2ad8935764d133bdae","modified":1526470537000},{"_id":"themes/next/source/css/_common/components/third-party/related-posts.styl","hash":"76937db9702053d772f6758d9cea4088c2a6e2a3","modified":1526470537000},{"_id":"themes/next/source/css/_schemes/Mist/outline/outline.styl","hash":"5dc4859c66305f871e56cba78f64bfe3bf1b5f01","modified":1526470537000},{"_id":"themes/next/source/lib/font-awesome/fonts/fontawesome-webfont.woff","hash":"28b782240b3e76db824e12c02754a9731a167527","modified":1526470537000},{"_id":"themes/next/source/lib/font-awesome/fonts/fontawesome-webfont.eot","hash":"d980c2ce873dc43af460d4d572d441304499f400","modified":1526470537000},{"_id":"themes/next/source/css/_common/components/post/post-widgets.styl","hash":"e4055a0d2cd2b0ad9dc55928e2f3e7bd4e499da3","modified":1526470537000},{"_id":"themes/next/source/css/_schemes/Mist/sidebar/sidebar-blogroll.styl","hash":"817587e46df49e819858c8ecbafa08b53d5ff040","modified":1526470537000},{"_id":"themes/next/source/css/_schemes/Muse/sidebar/sidebar-blogroll.styl","hash":"817587e46df49e819858c8ecbafa08b53d5ff040","modified":1526470537000},{"_id":"themes/next/source/images/background.png","hash":"f36d4e1d5cddc879a9230cdfd6ffa0229311605e","modified":1511433015564},{"_id":"public/search.xml","hash":"7f37d1728e8d807629793d70742e22d02eef2652","modified":1550731231092},{"_id":"public/categories/index.html","hash":"0374d6a9b5744b46ba124a51a0088936f278e529","modified":1550731231141},{"_id":"public/tags/index.html","hash":"e8b04b688b7e875bd1ca56ec3786b9d82bb7b587","modified":1550731231141},{"_id":"public/2019/02/21/2019-02-21-hello-world/index.html","hash":"3c2400d8ca699474435394fc31f18ac4fb813316","modified":1550731231141},{"_id":"public/archives/index.html","hash":"76ae06bb67274bd3bfb44366ba4c008f0402d3f4","modified":1550731231141},{"_id":"public/archives/2019/index.html","hash":"43663d6059d85832c84f264113fe3b2346398cd6","modified":1550731231141},{"_id":"public/archives/2019/02/index.html","hash":"8205c2f1a18440c48be6e66e355915dc5cca76f6","modified":1550731231141},{"_id":"public/index.html","hash":"42408a66922e5ee4a68ca79c6bbd2249eb7d8f67","modified":1550731231141},{"_id":"public/tags/note/index.html","hash":"048bb7291fdfd281d4232ea718e9f4cb860c0700","modified":1550731231142},{"_id":"public/images/apple-touch-icon-next_demo.png","hash":"2959dbc97f31c80283e67104fe0854e2369e40aa","modified":1550731231155},{"_id":"public/images/apple-touch-icon-next.png","hash":"4aa7f9cf17290f10b1cd5aabb6e3d62a4a4200ab","modified":1550731231156},{"_id":"public/images/avatar_girl_yak_sunset.png","hash":"9b7d1382586806a0cc45f4a7b685a416e6867b1c","modified":1550731231156},{"_id":"public/images/avatar.gif","hash":"264082bb3a1af70d5499c7d22b0902cb454b6d12","modified":1550731231156},{"_id":"public/images/cc-by-nc-sa.svg","hash":"3031be41e8753c70508aa88e84ed8f4f653f157e","modified":1550731231156},{"_id":"public/images/algolia_logo.svg","hash":"ec119560b382b2624e00144ae01c137186e91621","modified":1550731231156},{"_id":"public/images/cc-by-nc-nd.svg","hash":"c6524ece3f8039a5f612feaf865d21ec8a794564","modified":1550731231156},{"_id":"public/images/cc-by-nc.svg","hash":"8d39b39d88f8501c0d27f8df9aae47136ebc59b7","modified":1550731231156},{"_id":"public/images/cc-by-nd.svg","hash":"c563508ce9ced1e66948024ba1153400ac0e0621","modified":1550731231156},{"_id":"public/images/favicon-16x16-next_demo.png","hash":"943a0d67a9cdf8c198109b28f9dbd42f761d11c3","modified":1550731231156},{"_id":"public/images/cc-by.svg","hash":"28a0a4fe355a974a5e42f68031652b76798d4f7e","modified":1550731231156},{"_id":"public/images/cc-by-sa.svg","hash":"aa4742d733c8af8d38d4c183b8adbdcab045872e","modified":1550731231156},{"_id":"public/images/logo.svg","hash":"d29cacbae1bdc4bbccb542107ee0524fe55ad6de","modified":1550731231156},{"_id":"public/images/cc-zero.svg","hash":"87669bf8ac268a91d027a0a4802c92a1473e9030","modified":1550731231157},{"_id":"public/images/quote-l.svg","hash":"94e870b4c8c48da61d09522196d4dd40e277a98f","modified":1550731231157},{"_id":"public/images/favicon-16x16-next.png","hash":"392dd3cca75fc209531b1c3b83a18a4f2c1ed37d","modified":1550731231157},{"_id":"public/images/placeholder.gif","hash":"5fbd472222feb8a22cf5b8aa5dc5b8e13af88e2b","modified":1550731231157},{"_id":"public/images/quote-r.svg","hash":"e60ae504f9d99b712c793c3740c6b100d057d4ec","modified":1550731231157},{"_id":"public/images/searchicon.png","hash":"67727a6a969be0b2659b908518fa6706eed307b8","modified":1550731231157},{"_id":"public/images/favicon-32x32-next_demo.png","hash":"0749d7b24b0d2fae1c8eb7f671ad4646ee1894b1","modified":1550731231157},{"_id":"public/images/favicon-32x32-next.png","hash":"2d5e2173eb8a0ee16ca1166c872ba114f6215e37","modified":1550731231157},{"_id":"public/images/loading.gif","hash":"5fbd472222feb8a22cf5b8aa5dc5b8e13af88e2b","modified":1550731231157},{"_id":"public/lib/font-awesome/HELP-US-OUT.txt","hash":"4f7bf961f1bed448f6ba99aeb9219fabf930ba96","modified":1550731231157},{"_id":"public/lib/font-awesome/css/font-awesome.css.map","hash":"0189d278706509412bac4745f96c83984e1d59f4","modified":1550731231157},{"_id":"public/2019/02/21/2019-02-21-hello-world/01.png","hash":"15604052b543d55e07415225ee39aef0d0e1ab96","modified":1550731231157},{"_id":"public/lib/font-awesome/fonts/fontawesome-webfont.woff2","hash":"d6f48cba7d076fb6f2fd6ba993a75b9dc1ecbf0c","modified":1550731234104},{"_id":"public/lib/font-awesome/fonts/fontawesome-webfont.woff","hash":"28b782240b3e76db824e12c02754a9731a167527","modified":1550731234108},{"_id":"public/js/src/algolia-search.js","hash":"b172f697ed339a24b1e80261075232978d164c35","modified":1550731234114},{"_id":"public/js/src/affix.js","hash":"978e0422b5bf1b560236d8d10ebc1adcf66392e3","modified":1550731234114},{"_id":"public/js/src/exturl.js","hash":"e42e2aaab7bf4c19a0c8e779140e079c6aa5c0b1","modified":1550731234114},{"_id":"public/js/src/motion.js","hash":"50e57f8acb6924c6999cdcc664ddd3f0730d2061","modified":1550731234115},{"_id":"public/js/src/post-details.js","hash":"d1333fb588d4521b4d1e9c69aef06e0ad1bf0b12","modified":1550731234115},{"_id":"public/js/src/scroll-cookie.js","hash":"09dc828cbf5f31158ff6250d2bf7c3cde6365c67","modified":1550731234115},{"_id":"public/js/src/scrollspy.js","hash":"fe4da1b9fe73518226446f5f27d2831e4426fc35","modified":1550731234115},{"_id":"public/lib/font-awesome/bower.json","hash":"64394a2a9aa00f8e321d8daa5e51a420f0e96dad","modified":1550731234116},{"_id":"public/js/src/js.cookie.js","hash":"9b37973a90fd50e71ea91682265715e45ae82c75","modified":1550731234116},{"_id":"public/js/src/bootstrap.js","hash":"40de94fd18fcbd67a327d63b0d1e242a08aa5404","modified":1550731234116},{"_id":"public/js/src/schemes/pisces.js","hash":"8050a5b2683d1d77238c5762b6bd89c543daed6e","modified":1550731234116},{"_id":"public/js/src/utils.js","hash":"4284c67ea1435de2acd523f6d48c0d073fd1ad03","modified":1550731234116},{"_id":"public/lib/velocity/velocity.ui.min.js","hash":"ed5e534cd680a25d8d14429af824f38a2c7d9908","modified":1550731234116},{"_id":"public/lib/ua-parser-js/dist/ua-parser.pack.js","hash":"214dad442a92d36af77ed0ca1d9092b16687f02f","modified":1550731234116},{"_id":"public/lib/ua-parser-js/dist/ua-parser.min.js","hash":"38628e75e4412cc6f11074e03e1c6d257aae495b","modified":1550731234117},{"_id":"public/css/main.css","hash":"b3416f15d17c6d11450a03770d887d6adeaa3537","modified":1550731234117},{"_id":"public/lib/velocity/velocity.ui.js","hash":"6a1d101eab3de87527bb54fcc8c7b36b79d8f0df","modified":1550731234117},{"_id":"public/lib/velocity/velocity.min.js","hash":"2f1afadc12e4cf59ef3b405308d21baa97e739c6","modified":1550731234117},{"_id":"public/lib/jquery/index.js","hash":"41b4bfbaa96be6d1440db6e78004ade1c134e276","modified":1550731234117},{"_id":"public/lib/font-awesome/css/font-awesome.css","hash":"0140952c64e3f2b74ef64e050f2fe86eab6624c8","modified":1550731234118},{"_id":"public/lib/font-awesome/css/font-awesome.min.css","hash":"512c7d79033e3028a9be61b540cf1a6870c896f8","modified":1550731234118},{"_id":"public/lib/velocity/velocity.js","hash":"9f08181baea0cc0e906703b7e5df9111b9ef3373","modified":1550731234118},{"_id":"public/lib/font-awesome/fonts/fontawesome-webfont.eot","hash":"d980c2ce873dc43af460d4d572d441304499f400","modified":1550731234118},{"_id":"public/images/avatar_399x399.png","hash":"11bc1a0f87e7b56c735a70988d8e07b3b0c1aece","modified":1550731234133},{"_id":"public/images/background.png","hash":"f36d4e1d5cddc879a9230cdfd6ffa0229311605e","modified":1550731234755}],"Category":[],"Data":[],"Page":[{"title":"categories","date":"2017-09-08T00:00:00.000Z","type":"categories","comments":0,"_content":"<ul class=\"list-unstyled\">\n{% for cat in site.categories %} \n\t{% if cat[0] != 'blog' %} \n   <a name=\"{{ cat[0] }}\"></a>\n   <h2>{{ cat[0] }}({{ cat[1].size }})</h2> \n     {% for post in cat[1] %} \n    <li><h4><span>{{ post.date | date_to_string }}</span> &raquo; <a href=\"{{ post.url }}\">{{ post.title }}</a></h4></li>\n\t{% endfor %} \n   {% endif %} \n{% endfor %} \n</ul>","source":"categories/index.md","raw":"---\ntitle: categories\ndate: 2017-09-08\ntype: \"categories\"\ncomments: false\n---\n<ul class=\"list-unstyled\">\n{% for cat in site.categories %} \n\t{% if cat[0] != 'blog' %} \n   <a name=\"{{ cat[0] }}\"></a>\n   <h2>{{ cat[0] }}({{ cat[1].size }})</h2> \n     {% for post in cat[1] %} \n    <li><h4><span>{{ post.date | date_to_string }}</span> &raquo; <a href=\"{{ post.url }}\">{{ post.title }}</a></h4></li>\n\t{% endfor %} \n   {% endif %} \n{% endfor %} \n</ul>","updated":"2018-08-26T11:21:34.429Z","path":"categories/index.html","layout":"page","_id":"cjse9c1tf0000b4u78j7l953n","content":"<ul class=\"list-unstyled\"><br><br></ul>","site":{"data":{}},"excerpt":"","more":"<ul class=\"list-unstyled\"><br><br></ul>"},{"title":"tags","date":"2017-09-08T00:00:00.000Z","type":"tags","comments":0,"_content":"\n<div>\n{% for tag in site.tags %} \n\t<a name=\"{{ tag[0] }}\"></a><h3>{{ tag[0] }}({{ tag[1].size }})</h3>\n\t<ul>\n\t{% for post in tag[1] %}\n\t\t<li><span>{{ post.date | date_to_string }}</span> &raquo; <a href=\"{{ post.url }}\">{{ post.title }}</a></li>\n\t{% endfor %}\n\t</ul>\n{% endfor %}\n</div>\n","source":"tags/index.md","raw":"---\ntitle: tags\ndate: 2017-09-08\ntype: \"tags\"\ncomments: false\n---\n\n<div>\n{% for tag in site.tags %} \n\t<a name=\"{{ tag[0] }}\"></a><h3>{{ tag[0] }}({{ tag[1].size }})</h3>\n\t<ul>\n\t{% for post in tag[1] %}\n\t\t<li><span>{{ post.date | date_to_string }}</span> &raquo; <a href=\"{{ post.url }}\">{{ post.title }}</a></li>\n\t{% endfor %}\n\t</ul>\n{% endfor %}\n</div>\n","updated":"2018-08-26T11:21:34.463Z","path":"tags/index.html","layout":"page","_id":"cjse9c1tp0002b4u7y0uncx2j","content":"<div><br><br></div>\n","site":{"data":{}},"excerpt":"","more":"<div><br><br></div>\n"}],"Post":[{"layout":"post","title":"Hello World","date":"2019-02-21T10:21:00.000Z","keywords":null,"_content":"\n# 1 \n## 2 \n### 3 \n\n2333  \n<!--more-->\n\nHello World  \n![](2019-02-21-hello-world/01.png) \n\n> 1\n\n```\n1\n```","source":"_posts/2019-02-21-hello-world.md","raw":"---\nlayout:     post\ntitle:      Hello World\ndate: 2019-02-21 10:21:00 +0800\nkeywords:\ncategories:\ntags:\n\t- note\n---\n\n# 1 \n## 2 \n### 3 \n\n2333  \n<!--more-->\n\nHello World  \n![](2019-02-21-hello-world/01.png) \n\n> 1\n\n```\n1\n```","slug":"2019-02-21-hello-world","published":1,"updated":"2019-02-21T05:02:53.694Z","comments":1,"photos":[],"link":"","_id":"cjse9c1tj0001b4u7ty8xmmlq","content":"<h1 id=\"1\"><a href=\"#1\" class=\"headerlink\" title=\"1\"></a>1</h1><h2 id=\"2\"><a href=\"#2\" class=\"headerlink\" title=\"2\"></a>2</h2><h3 id=\"3\"><a href=\"#3\" class=\"headerlink\" title=\"3\"></a>3</h3><p>2333<br><a id=\"more\"></a></p>\n<p>Hello World<br><img src=\"/2019/02/21/2019-02-21-hello-world/01.png\" alt=\"\"> </p>\n<blockquote>\n<p>1</p>\n</blockquote>\n<figure class=\"highlight plain\"><table><tr><td class=\"gutter\"><pre><span class=\"line\">1</span><br></pre></td><td class=\"code\"><pre><span class=\"line\">1</span><br></pre></td></tr></table></figure>","site":{"data":{}},"excerpt":"<h1 id=\"1\"><a href=\"#1\" class=\"headerlink\" title=\"1\"></a>1</h1><h2 id=\"2\"><a href=\"#2\" class=\"headerlink\" title=\"2\"></a>2</h2><h3 id=\"3\"><a href=\"#3\" class=\"headerlink\" title=\"3\"></a>3</h3><p>2333<br></p>","more":"<p></p>\n<p>Hello World<br><img src=\"/2019/02/21/2019-02-21-hello-world/01.png\" alt=\"\"> </p>\n<blockquote>\n<p>1</p>\n</blockquote>\n<figure class=\"highlight plain\"><table><tr><td class=\"gutter\"><pre><span class=\"line\">1</span><br></pre></td><td class=\"code\"><pre><span class=\"line\">1</span><br></pre></td></tr></table></figure>"}],"PostAsset":[{"_id":"source/_posts/2019-02-21-hello-world/01.png","post":"cjse9c1tj0001b4u7ty8xmmlq","slug":"01.png","modified":1,"renderable":1}],"PostCategory":[],"PostTag":[{"post_id":"cjse9c1tj0001b4u7ty8xmmlq","tag_id":"cjse9c1tw0003b4u7e7lju7me","_id":"cjse9c1u20004b4u7e9uh70yk"}],"Tag":[{"name":"note","_id":"cjse9c1tw0003b4u7e7lju7me"}]}}